,Mean,Median,Std Dev,Min,Max
CO2 Emissions,10.425799999999999,10.7,5.614664622114025,0.5,20.0
Renewable Energy,27.3005,27.15,12.97080766959412,5.1,50.0
Extreme Weather,7.291,8.0,4.4226551842619255,0.0,14.0
